LGA,1,2,3,4,5,6,7,8,9,10,11,12,13,14,15,16,17,18,19,20,21,22,23,24,25,26,27,28,29,30,31,32,33,34,35,36,37,38,39,40,41,42,43,44,45,46,47,48,49,50,51,52,53,54,55,56,57,58,59,60,61,62,63,64,65,66,67,68,69,70,71,72,73,74,75,76,77,78,79,80,81,82,83,84,85,86,87,88,89,90,91,92,93,94,95,96,97,98,99,100,101,102,103,104,105,106,107,108,109,110,111,112,113,114,115
Alpine (S),45,46,50,53,70,49,68,62,87,72,73,61,74,76,68,62,90,72,62,55,31,48,40,39,34,42,39,41,62,52,43,57,42,47,60,54,72,68,59,62,76,80,83,92,91,103,75,79,84,79,83,108,95,101,119,132,106,112,102,93,125,118,117,86,83,89,85,101,106,104,86,85,72,69,65,59,50,69,42,52,44,44,31,36,43,44,27,26,30,21,16,12,10,20,8,8,3,3,6,0,0,0,0,0,0,0,0,0,0,0,0,0,0,0,0
Ararat (RC),46,50,55,56,58,56,51,58,71,65,67,67,58,63,60,68,56,64,49,54,46,37,63,49,45,46,71,67,41,46,53,60,53,43,50,68,43,57,51,66,60,53,77,57,67,81,73,78,83,64,79,60,75,80,84,79,80,85,78,89,93,89,58,82,92,82,101,69,58,75,68,55,81,59,59,55,50,51,41,30,42,33,54,28,39,30,36,24,25,27,18,14,12,12,9,6,3,3,0,3,0,0,0,0,0,0,0,0,0,0,0,0,0,0,0
Ballarat (C),591,630,613,645,689,628,676,677,646,681,621,599,619,541,632,612,629,650,662,688,760,842,789,677,730,722,701,657,689,657,651,665,667,653,633,690,608,662,570,654,633,609,671,676,738,706,686,725,656,632,660,643,677,722,686,689,650,667,669,635,667,589,618,600,633,622,554,591,584,601,504,473,459,400,384,363,384,356,358,289,295,278,289,241,241,222,223,196,177,170,128,147,100,69,55,57,26,20,13,6,7,3,0,0,0,0,0,0,0,0,0,0,0,0,0
Banyule (C),750,776,772,754,749,746,794,716,725,770,675,628,618,632,611,585,683,695,686,656,670,777,743,689,699,763,752,810,830,769,814,866,888,870,902,876,886,902,895,863,954,838,927,855,897,930,896,896,853,741,801,820,837,850,817,822,813,797,801,789,799,713,761,701,695,726,729,653,644,726,558,556,533,480,452,447,453,400,380,343,373,346,302,311,276,299,262,271,191,219,199,150,126,108,63,63,48,28,15,10,3,8,0,0,0,0,0,0,0,0,0,0,0,0,0
Bass Coast (S),149,137,168,157,169,211,157,184,180,193,193,178,169,181,183,160,174,162,168,100,96,96,110,124,134,126,140,130,160,126,165,151,167,150,177,168,192,129,186,144,200,167,177,197,217,199,186,233,202,206,221,219,237,221,252,240,250,246,267,268,281,261,321,287,285,287,316,312,298,314,296,253,266,198,198,186,165,171,144,121,137,113,128,114,104,97,97,103,77,61,52,50,44,27,19,24,18,16,7,12,4,4,0,0,0,0,0,0,0,0,0,0,0,0,0
Baw Baw (S),272,285,307,298,302,312,332,325,342,313,302,307,281,295,311,280,317,321,280,262,271,256,229,256,237,294,245,230,309,279,284,266,278,298,256,287,275,243,309,279,294,269,304,291,321,341,333,373,334,329,285,341,356,342,358,378,331,386,361,359,344,305,323,372,351,345,362,321,303,322,277,283,250,224,232,199,199,174,163,137,151,132,118,125,103,110,80,100,88,61,36,51,50,30,25,29,13,6,7,3,7,4,0,0,0,0,0,0,0,0,0,0,0,0,0
Bayside (C),429,490,496,521,513,577,657,660,707,702,694,728,674,649,621,584,631,654,580,515,506,516,506,420,439,406,392,386,390,369,359,423,463,520,513,549,594,520,540,606,684,735,776,863,848,1007,902,846,817,833,805,777,775,802,805,740,730,720,705,684,588,621,610,573,604,587,581,547,539,567,530,500,473,408,410,346,320,327,322,317,276,268,233,283,269,302,252,252,249,235,209,181,185,132,125,92,59,23,36,21,18,7,9,0,3,0,0,0,0,0,0,0,0,0,0
Benalla (RC),57,55,63,63,63,66,75,66,71,80,73,65,80,75,79,68,88,85,64,74,48,56,64,62,73,56,54,66,70,68,60,62,52,71,73,68,71,61,69,67,59,65,71,84,81,99,80,102,93,102,104,102,110,108,122,127,118,128,91,113,110,124,137,128,105,131,112,112,105,116,87,97,73,82,85,75,58,71,69,57,55,58,48,48,33,48,48,39,45,34,20,16,16,9,14,11,5,8,0,3,3,0,0,0,0,0,0,0,0,0,0,0,0,0,0
Boroondara (C),669,748,729,798,798,890,963,942,1027,1022,1047,1150,1068,1142,1052,1148,1215,1174,1259,1151,1299,1310,1264,1369,1291,1335,1316,1251,1168,1121,1135,1008,1026,1012,1046,1026,1017,1088,1021,1055,1092,1102,1183,1249,1337,1445,1387,1398,1251,1218,1237,1207,1300,1240,1150,1197,1097,1061,1015,998,1010,938,914,878,834,821,905,818,808,849,806,645,681,573,564,540,486,528,526,431,454,377,393,418,373,412,364,365,298,293,308,240,196,206,150,121,76,51,44,24,15,18,8,6,0,0,0,0,0,0,0,0,0,0,0
Brimbank (C),1172,1349,1249,1321,1185,1186,1112,1141,1163,1143,1103,1068,1086,1112,1147,1144,1239,1175,1180,1265,1360,1331,1357,1476,1468,1464,1574,1533,1594,1519,1551,1551,1469,1505,1431,1438,1389,1299,1246,1245,1267,1300,1273,1334,1436,1378,1264,1343,1296,1286,1278,1190,1168,1226,1187,1200,1298,1206,1186,1162,1129,1164,1079,1048,1012,1032,923,887,941,855,793,686,656,578,549,535,521,451,459,446,406,415,375,343,301,285,313,211,196,196,166,149,108,70,60,41,26,17,14,12,9,3,3,0,0,0,0,0,0,0,0,0,0,0,0
Buloke (S),24,33,27,32,17,26,30,30,45,47,40,30,25,37,31,36,34,45,31,16,14,18,15,15,21,24,24,29,29,28,17,20,22,28,21,27,21,19,27,26,28,34,32,30,40,46,36,45,28,45,34,35,51,52,57,55,37,54,54,63,54,45,33,51,39,44,42,48,44,39,22,33,42,34,40,38,37,33,25,36,37,23,31,19,26,23,28,38,17,14,18,16,14,12,9,3,3,3,0,0,0,0,0,0,0,0,0,0,0,0,0,0,0,0,0
Campaspe (S),173,209,214,239,218,216,220,223,226,214,215,221,208,234,208,206,251,229,216,185,192,151,162,161,167,220,199,181,164,183,181,182,175,178,200,184,166,162,209,207,209,203,233,213,260,248,223,247,246,265,272,253,268,271,308,299,289,244,256,251,261,256,274,283,277,242,253,233,237,260,215,219,218,159,211,158,186,152,168,130,151,126,131,123,106,99,105,79,70,74,61,50,47,43,21,18,18,10,13,3,0,7,3,0,0,0,0,0,0,0,0,0,0,0,0
Cardinia (S),714,783,719,795,752,728,751,729,691,706,682,677,619,618,599,673,564,655,552,563,516,628,624,619,642,718,692,678,701,675,797,782,763,682,749,687,673,678,631,648,654,663,680,664,752,745,725,682,646,587,565,645,574,628,590,556,550,538,545,482,466,452,440,451,408,400,432,391,411,448,326,331,296,269,277,233,204,201,179,151,171,121,116,109,113,96,124,102,82,62,64,37,41,35,20,21,18,8,11,0,6,0,0,0,0,0,0,0,0,0,0,0,0,0,0
Casey (C),2199,2329,2289,2361,2438,2254,2303,2236,2203,2229,2175,2073,2003,1962,1974,1963,2078,2036,1986,2010,2017,1991,1974,1965,2017,1992,1951,2120,2122,2320,2413,2507,2549,2585,2457,2408,2425,2266,2209,2122,2272,2166,2064,2189,2327,2370,2198,2042,2055,1903,1977,1872,1962,1838,1803,1860,1756,1687,1650,1535,1474,1440,1395,1264,1215,1162,1159,1103,1093,1091,839,830,805,679,682,644,575,605,512,475,469,433,410,363,355,340,298,276,243,217,186,145,116,102,69,55,53,22,21,21,9,3,5,3,0,0,0,0,0,0,0,0,0,0,0
Central Goldfields (S),39,58,70,51,69,68,68,68,58,81,61,73,63,70,80,58,66,89,54,56,69,52,64,59,58,57,45,63,52,61,51,46,45,64,66,48,47,53,57,58,75,78,71,67,78,81,70,96,80,62,89,107,91,95,98,110,104,99,96,90,91,115,110,116,104,129,98,113,104,129,84,91,113,92,80,73,85,71,95,47,59,52,40,52,36,37,41,43,37,26,33,20,9,7,10,11,3,7,8,3,3,0,0,0,0,0,0,0,0,0,0,0,0,0,0
Colac-Otway (S),98,113,113,128,116,106,128,133,111,110,125,117,139,102,117,133,112,115,121,98,93,114,94,106,107,117,108,94,102,93,95,104,99,125,120,114,105,90,101,99,112,125,115,141,113,155,145,163,123,135,134,95,173,155,158,169,144,159,161,153,168,163,178,150,149,155,169,121,142,156,107,120,133,84,109,113,83,72,90,75,65,71,72,70,55,52,51,45,47,37,30,23,24,27,17,9,8,7,0,0,0,0,0,0,0,0,0,0,0,0,0,0,0,0,0
Corangamite (S),81,100,63,86,104,106,100,76,98,109,104,101,79,72,109,90,91,106,93,82,50,78,77,76,64,63,66,50,67,69,66,75,74,69,79,70,73,71,99,81,58,92,89,92,119,99,93,100,123,108,104,119,126,115,134,135,140,136,118,102,121,118,95,109,124,104,124,97,96,111,104,85,86,72,86,69,77,76,72,87,63,60,50,38,48,42,34,22,33,38,29,11,18,5,18,8,8,7,5,3,3,3,0,0,0,0,0,0,0,0,0,0,0,0,0
Darebin (C),908,877,859,840,869,732,866,740,758,745,702,674,700,626,582,555,604,599,736,922,1076,1125,1139,1281,1294,1317,1462,1524,1469,1487,1512,1521,1444,1383,1362,1390,1255,1229,1211,1106,1134,1150,1096,1120,1095,1232,1109,1108,998,981,977,873,902,862,872,864,821,713,755,735,653,665,630,614,563,556,532,573,570,557,509,465,470,440,449,491,512,445,449,457,446,399,417,396,351,335,352,292,267,240,194,168,113,111,89,60,49,27,20,10,6,4,3,3,4,0,0,0,0,0,0,0,0,0,0
East Gippsland (S),224,196,206,230,265,237,242,250,236,251,250,216,241,247,243,222,210,264,246,151,147,155,192,181,216,206,201,179,198,192,212,180,223,198,195,210,221,229,194,205,222,209,239,260,258,301,281,305,266,290,327,308,310,343,335,342,365,343,359,387,378,386,359,424,402,417,408,392,386,408,339,342,301,312,288,260,215,254,209,193,188,180,151,145,128,128,114,92,86,84,66,62,49,35,37,24,9,10,10,3,3,8,0,0,0,0,0,0,0,0,0,0,0,0,0
Frankston (C),835,890,879,873,846,802,819,818,834,801,798,769,715,704,683,776,802,806,767,839,807,933,820,880,873,913,880,836,977,955,991,1016,939,1014,1001,909,926,1002,915,852,866,925,965,994,1066,1127,955,985,967,932,951,889,980,941,973,966,936,895,838,821,805,770,805,767,699,754,724,632,659,744,649,565,540,500,464,446,428,382,363,348,326,310,300,293,272,259,241,185,206,164,124,119,95,79,58,51,39,21,26,15,8,3,3,0,0,0,0,0,0,0,0,0,0,0,0
Gannawarra (S),50,52,41,49,57,52,57,52,56,69,57,51,60,60,61,57,83,72,47,41,41,47,30,53,41,47,46,37,34,36,53,53,56,46,32,44,41,51,52,43,52,34,70,63,59,71,72,74,58,74,80,68,63,84,94,81,90,74,85,74,73,79,76,97,73,72,89,77,86,89,71,71,82,55,73,87,58,62,54,51,47,42,41,40,33,21,23,29,33,33,24,12,10,13,9,6,9,3,0,0,0,0,0,0,0,0,0,0,0,0,0,0,0,0,0
Glen Eira (C),822,848,861,873,896,813,892,868,873,846,827,825,811,767,743,725,769,749,719,835,856,957,959,1141,1102,1121,1151,1074,1139,1097,1213,1162,1157,1139,1077,1067,1028,971,959,976,982,1051,1083,1096,1099,1218,1087,1092,1022,986,876,917,900,908,894,914,851,866,814,779,773,724,704,659,724,677,632,639,672,689,534,494,442,373,413,401,425,406,394,409,382,378,342,329,321,301,318,294,296,290,254,216,177,158,138,79,55,44,34,15,8,11,4,0,7,0,3,0,0,0,0,0,0,0,0
Glenelg (S),107,107,106,94,99,88,95,100,94,117,105,85,126,125,119,116,121,102,101,113,83,94,78,81,75,80,80,72,97,78,88,86,108,103,94,86,69,115,103,101,129,119,112,136,145,136,137,118,142,161,168,135,148,166,174,176,151,162,153,181,165,172,130,151,160,164,132,131,122,142,95,104,113,103,92,103,88,71,78,69,59,49,49,67,51,76,50,33,38,30,29,21,17,16,9,7,3,0,7,3,0,0,0,0,0,0,0,0,0,0,0,0,0,0,0
Golden Plains (S),141,130,161,130,158,141,170,157,177,169,191,178,176,156,160,156,164,139,127,120,115,90,80,87,70,86,84,91,86,96,125,122,139,149,144,138,152,126,140,168,153,151,163,167,198,199,190,143,156,169,160,146,173,146,166,139,142,178,138,161,136,145,148,132,117,109,117,108,129,102,89,79,66,53,62,61,44,44,22,35,24,27,28,21,21,18,19,10,12,18,9,4,10,10,10,3,0,4,0,0,0,0,0,4,0,0,0,0,0,0,0,0,0,0,0
Greater Bendigo (C),681,650,699,715,740,696,695,677,673,728,701,648,654,626,688,649,684,706,716,754,758,847,790,747,743,760,728,668,737,752,720,699,700,691,676,718,655,636,679,660,669,674,690,747,734,771,685,707,713,659,716,670,789,746,846,806,763,739,773,752,713,695,693,679,685,684,669,580,592,694,508,492,481,442,447,404,410,382,391,329,319,271,279,299,211,266,223,211,207,172,165,106,93,84,70,46,30,19,20,7,12,0,0,3,3,3,0,0,0,0,0,0,0,0,0
Greater Dandenong (C),1010,1049,1055,1044,955,869,873,855,885,829,797,767,786,779,778,762,876,797,898,946,992,1029,1070,1126,1167,1143,1314,1294,1362,1316,1307,1331,1309,1356,1190,1197,1095,1027,930,937,957,937,932,961,972,982,881,873,876,829,851,875,868,898,775,779,919,808,879,814,817,789,762,743,736,734,668,713,696,714,584,541,535,507,497,445,420,439,420,350,413,340,341,325,313,261,324,228,195,203,177,114,114,73,58,52,33,24,18,14,9,5,0,0,0,0,0,0,0,0,0,0,0,0,0
Greater Geelong (C),1302,1414,1442,1405,1358,1358,1472,1398,1470,1371,1329,1317,1302,1307,1305,1292,1389,1446,1426,1558,1568,1562,1563,1456,1474,1456,1570,1521,1473,1459,1571,1505,1462,1551,1503,1445,1428,1421,1418,1431,1433,1584,1558,1602,1703,1697,1568,1553,1496,1466,1488,1506,1635,1639,1609,1596,1626,1515,1561,1521,1528,1453,1484,1480,1429,1433,1386,1457,1352,1474,1240,1127,1067,991,954,926,874,778,792,780,702,643,673,623,599,569,534,487,469,387,379,318,271,193,145,138,90,49,23,23,14,11,7,0,0,0,4,0,0,0,0,0,0,0,0
Greater Shepparton (C),384,396,414,461,401,376,440,433,398,459,426,362,371,404,387,414,451,442,407,374,334,289,387,356,371,378,433,394,373,414,392,410,387,388,398,404,400,362,393,344,368,421,429,429,416,459,423,416,432,407,426,399,463,461,449,440,431,421,363,393,421,407,398,369,385,388,375,329,325,352,307,246,278,243,251,217,236,188,220,189,178,150,166,160,154,154,101,108,103,95,96,64,54,47,41,23,16,15,14,5,4,0,0,0,0,0,0,0,0,0,0,0,0,0,0
Hepburn (S),75,56,77,62,76,76,85,101,96,92,98,82,77,86,74,73,65,70,58,55,58,47,57,60,54,50,56,57,54,56,48,67,51,69,71,87,77,80,73,92,89,87,100,110,125,130,118,130,100,117,139,104,95,122,140,155,132,157,125,138,141,146,155,146,153,145,130,135,122,150,105,90,94,96,62,84,63,54,42,70,43,46,44,46,44,43,38,40,36,32,23,22,21,15,15,15,11,4,0,0,0,0,0,0,0,0,0,0,0,0,0,0,0,0,0
Hindmarsh (S),21,25,19,18,35,26,28,38,24,23,33,30,29,34,38,30,39,41,25,20,15,20,17,25,33,14,25,19,23,21,27,35,27,31,25,22,37,13,20,15,29,26,27,35,21,46,46,42,36,34,29,43,55,46,32,59,53,47,42,43,52,42,41,51,33,37,41,34,44,29,33,35,30,50,31,36,32,22,22,32,15,22,19,30,16,26,16,27,18,13,8,16,14,14,13,4,3,0,0,0,0,0,0,0,3,0,0,0,0,0,0,0,0,0,0
Hobsons Bay (C),575,558,618,591,578,620,601,537,539,525,520,444,428,455,426,432,459,466,429,448,458,443,476,517,552,520,604,619,672,689,674,675,692,699,729,670,703,678,700,634,671,690,642,706,727,750,697,674,634,646,604,617,645,629,620,645,617,562,554,537,517,482,467,469,433,415,418,398,407,408,351,279,326,279,301,269,251,261,246,262,265,217,226,219,221,189,180,145,150,125,97,75,75,54,34,37,21,17,15,12,0,0,0,0,0,0,0,0,0,0,0,0,0,0,0
Horsham (RC),110,113,104,104,127,118,138,115,127,135,130,111,112,90,116,124,115,119,120,96,98,98,126,125,109,130,116,119,107,104,133,109,125,102,117,109,78,109,114,115,117,139,130,113,139,113,128,110,123,117,146,124,142,128,141,140,154,153,142,125,147,131,117,145,128,119,126,105,115,106,108,107,83,93,94,78,75,94,78,81,80,46,75,76,56,65,52,45,46,35,36,20,24,23,24,8,3,0,3,0,0,0,0,0,3,0,0,0,0,0,0,0,0,0,0
Hume (C),1416,1447,1522,1569,1525,1430,1468,1405,1405,1399,1428,1347,1339,1357,1251,1341,1414,1386,1375,1465,1436,1404,1342,1420,1429,1525,1508,1543,1599,1560,1628,1596,1558,1639,1494,1533,1501,1425,1309,1301,1307,1311,1352,1352,1363,1473,1471,1386,1405,1279,1308,1306,1324,1284,1241,1206,1148,1094,1001,1001,1016,955,881,947,803,826,790,751,746,753,589,540,589,472,473,404,401,364,341,333,327,289,240,248,230,201,192,153,122,130,78,77,62,42,30,22,14,14,4,3,3,7,0,0,0,3,0,0,0,0,0,0,0,0,0
Indigo (S),60,79,67,89,85,91,84,91,106,125,97,108,126,127,77,110,98,109,99,68,70,53,38,52,53,50,53,50,54,66,60,68,66,76,80,66,90,99,97,97,92,96,123,110,140,140,112,138,131,112,105,133,117,138,148,124,136,124,156,146,150,133,146,111,115,122,121,110,121,151,80,83,69,58,72,59,65,47,43,55,37,30,46,49,23,28,28,26,23,17,24,17,11,12,4,6,4,5,10,0,0,0,0,0,0,0,0,0,0,0,0,0,0,0,0
Kingston (C) (Vic.),880,884,875,977,895,906,914,909,886,888,861,775,819,779,831,801,781,833,802,807,819,794,791,832,830,913,915,955,987,1004,1041,1013,1091,1132,1070,1179,1165,1115,1066,1092,1126,1160,1218,1145,1260,1320,1282,1162,1120,1112,1097,1053,1016,985,1027,1020,1009,945,898,917,899,869,869,825,889,846,751,800,831,884,671,726,654,601,553,533,541,526,510,473,503,439,414,393,382,378,373,338,269,253,232,169,143,127,83,86,56,29,12,19,11,10,7,3,0,0,0,0,0,0,0,0,0,0,0
Knox (C),858,856,915,880,902,855,884,884,856,809,860,860,833,886,946,891,1000,968,988,989,1017,1012,955,1008,979,975,969,1028,1046,948,1082,1073,1114,988,1098,1093,1079,1091,962,993,1009,1048,1101,1129,1135,1224,1138,1193,1144,1130,1137,1073,1133,1163,1200,1152,1119,1003,1094,1033,1034,1042,967,923,956,904,808,826,810,824,635,636,601,566,569,508,482,412,451,400,402,314,325,335,276,280,279,200,205,207,174,159,142,103,60,66,46,36,20,14,9,3,4,3,0,0,0,0,0,0,0,0,0,0,0
Latrobe (C) (Vic.),387,412,430,445,423,460,444,445,442,420,438,432,413,424,437,436,440,455,387,409,418,527,499,506,484,467,477,478,494,452,490,487,485,413,472,438,420,409,371,431,438,392,425,498,482,523,449,496,409,478,509,509,506,553,553,553,547,566,531,483,521,517,466,484,482,454,461,440,404,485,400,333,301,287,306,328,279,263,256,243,205,207,225,168,172,172,153,120,147,92,110,72,80,39,36,31,12,10,8,8,5,3,3,3,0,0,0,0,0,0,0,0,0,0,0
Loddon (S),31,35,39,41,31,32,43,42,28,44,47,43,55,38,44,48,52,46,42,22,19,22,22,21,22,21,17,23,22,32,31,30,26,39,18,39,32,34,29,28,25,51,37,44,40,48,51,55,44,56,50,56,62,69,77,61,54,77,56,63,52,56,61,66,60,54,71,58,72,50,38,51,47,39,28,33,34,31,39,37,29,30,23,28,31,22,24,20,19,14,6,10,13,6,6,4,0,4,0,0,0,0,0,0,0,0,0,0,0,0,0,0,0,0,0
Macedon Ranges (S),265,254,294,280,332,297,304,327,324,342,334,334,338,296,292,310,301,289,269,241,244,211,195,185,166,190,149,165,164,195,195,236,229,228,289,305,267,296,284,331,324,375,377,367,400,428,389,397,358,357,351,346,424,340,340,354,317,326,352,319,295,306,318,344,301,307,314,298,269,318,226,235,203,174,186,134,124,125,110,106,104,82,76,79,72,71,68,55,53,41,35,37,24,29,25,21,13,7,5,7,3,8,4,0,0,0,0,0,0,0,0,0,0,0,0
Manningham (C),447,544,502,622,546,644,615,635,614,658,617,621,666,617,678,718,689,744,719,756,701,690,679,677,674,642,662,665,657,603,604,594,673,726,666,706,679,690,694,710,733,746,799,829,836,947,896,872,909,791,906,804,889,880,883,837,815,796,798,812,777,735,681,699,672,663,701,706,726,782,656,655,663,587,548,599,553,519,520,504,450,408,384,361,319,319,294,259,251,201,170,153,141,135,83,88,48,24,17,19,16,15,4,8,5,0,0,0,0,0,0,0,0,0,0
Mansfield (S),33,47,33,48,49,50,44,70,47,64,55,39,47,52,98,97,30,38,47,25,29,24,23,28,34,21,29,32,21,37,33,42,39,51,48,50,67,32,41,40,48,52,54,52,56,55,56,69,54,47,47,65,64,54,61,79,70,67,83,71,72,80,62,75,70,86,68,65,79,82,52,59,52,43,54,46,31,37,20,29,23,23,20,24,15,23,16,14,14,9,11,7,3,7,7,9,10,0,0,0,0,0,0,0,0,0,0,0,0,0,0,0,0,0,0
Maribyrnong (C),571,585,554,562,465,440,474,432,400,374,360,320,324,297,289,308,318,322,362,474,592,652,635,733,776,890,928,977,939,935,967,916,945,937,876,833,760,740,717,692,667,634,612,639,613,603,549,532,538,505,505,452,465,408,441,440,412,434,403,355,339,314,320,312,299,275,247,239,242,225,205,162,168,165,160,149,172,154,165,132,142,161,131,125,141,106,156,77,98,92,84,47,46,43,34,27,8,10,11,7,0,0,0,0,0,0,0,0,0,0,0,0,0,0,0
Maroondah (C),641,737,716,747,698,671,724,655,647,674,703,562,611,594,557,623,659,645,664,624,614,671,664,661,636,704,765,706,720,774,832,839,869,866,862,792,785,787,740,775,787,807,803,843,835,819,841,838,798,712,769,773,785,828,748,734,733,707,685,617,688,614,639,623,613,626,572,573,581,606,534,476,478,428,430,362,342,343,349,298,316,287,266,251,256,241,245,178,205,160,148,132,108,94,65,64,33,30,16,17,5,3,5,3,0,0,0,0,0,0,0,0,0,0,0
Melbourne (C),571,516,462,383,286,282,248,240,229,214,171,202,178,183,174,228,333,638,1872,2991,3269,3008,3138,3538,3267,3068,2894,2758,2454,2138,2185,1977,1755,1531,1426,1171,1055,855,748,693,666,582,644,539,534,656,472,481,531,428,502,461,483,471,464,445,419,401,404,440,386,406,371,366,332,359,348,297,303,309,254,246,195,147,171,165,152,128,118,122,98,116,102,92,104,106,100,98,64,48,53,72,51,46,33,29,32,12,12,21,7,8,5,0,0,0,0,0,0,0,0,0,0,0,0
Melton (C),1044,1071,1172,1132,1239,1198,1190,1197,1154,1190,1032,995,987,944,908,846,872,912,848,833,855,824,905,827,871,926,941,1009,1082,1071,1111,1129,1262,1194,1246,1260,1199,1206,1153,1165,1105,1121,1143,1117,1104,1060,963,949,900,879,797,761,772,742,740,702,688,668,686,634,663,612,663,574,586,558,505,461,407,477,360,323,289,221,233,200,211,166,179,146,157,125,103,122,97,98,87,71,63,55,51,44,19,23,17,15,18,7,3,8,4,0,0,0,0,0,0,0,0,0,0,0,0,0,0
Migratory - Offshore - Shipping (Vic.),0,0,0,0,0,0,0,0,0,0,0,0,0,0,0,0,0,0,0,0,0,0,0,0,0,0,0,0,0,0,0,0,0,0,0,0,0,0,0,0,0,0,0,0,0,0,0,0,0,0,0,0,0,0,0,0,0,0,0,0,0,0,0,0,0,0,0,0,0,0,0,0,0,0,0,0,0,0,0,0,0,0,0,0,0,0,0,0,0,0,0,0,0,0,0,0,0,0,0,0,0,0,0,0,0,0,0,0,0,0,0,0,0,0,0
Mildura (RC),321,342,356,294,351,328,340,336,330,343,350,299,346,318,342,359,364,372,311,294,305,306,301,324,349,352,358,353,341,292,307,365,318,317,313,296,330,294,295,292,335,320,349,345,332,413,376,376,351,327,330,370,356,363,377,418,369,327,394,391,339,353,338,322,315,337,325,301,329,318,243,237,222,170,258,212,204,204,201,176,203,155,145,159,122,129,100,106,101,95,77,70,60,36,29,31,32,12,3,7,0,3,0,0,0,0,0,0,0,0,0,0,0,0,0
Mitchell (S),254,269,268,275,282,298,281,287,281,276,284,252,245,271,267,289,278,303,270,222,226,215,239,238,239,237,224,256,254,280,273,271,283,294,266,295,263,219,252,249,237,276,297,296,322,309,305,289,290,289,278,283,291,279,309,310,260,229,258,249,251,269,222,200,207,208,227,216,210,208,144,168,163,147,134,118,111,97,96,79,100,69,63,65,69,50,53,42,36,41,17,13,32,16,12,8,11,7,4,0,0,3,0,0,0,0,0,0,0,0,0,0,0,0,0
Moira (S),129,153,169,152,140,166,147,182,183,169,182,195,171,148,181,159,170,185,143,155,146,123,127,128,130,119,148,130,151,130,135,160,154,122,143,141,123,156,139,142,132,180,171,134,167,163,199,185,173,205,192,176,182,232,217,223,199,207,200,185,207,225,217,217,222,228,237,202,231,241,205,160,163,172,165,160,149,125,125,130,115,116,95,103,95,97,72,67,62,51,41,35,26,27,19,13,9,11,3,3,0,0,3,0,3,0,0,0,0,0,0,0,0,0,0
Monash (C),749,887,871,978,967,976,983,953,1013,955,954,929,928,911,933,952,987,985,1338,1818,1953,1781,1641,1620,1515,1432,1414,1356,1341,1277,1279,1277,1214,1315,1315,1161,1189,1160,1149,1190,1159,1185,1288,1239,1357,1407,1285,1286,1236,1163,1104,1096,1203,1107,1067,995,1077,982,1005,990,967,958,862,912,900,933,815,886,859,935,821,773,772,679,748,739,735,682,676,601,594,552,550,489,456,443,416,392,316,341,260,235,201,158,107,85,63,27,22,18,12,4,10,3,3,0,0,0,0,0,0,0,0,0,0
Moonee Valley (C),673,630,644,653,651,613,660,639,645,660,613,624,576,635,604,586,640,615,587,698,729,794,789,814,850,960,963,954,1022,937,983,998,976,959,904,908,855,861,860,777,847,836,849,909,930,940,881,859,828,816,791,805,752,720,750,777,716,740,729,664,689,617,652,551,591,566,554,569,566,563,482,400,449,430,438,404,422,427,377,376,365,317,344,317,287,273,271,213,175,184,167,132,106,87,76,56,38,21,13,3,3,3,0,0,0,0,0,0,0,0,0,0,0,0,0
Moorabool (S),162,192,215,201,188,196,248,216,233,257,239,198,187,200,198,208,225,210,187,180,210,155,143,166,144,152,188,162,175,155,172,185,217,186,208,218,234,200,225,181,203,222,227,230,264,280,227,229,253,253,205,246,240,260,253,252,200,227,212,218,210,210,188,193,182,206,189,172,167,196,147,140,140,145,113,105,90,78,52,73,54,61,59,53,49,51,38,39,29,31,26,19,23,23,11,3,9,4,0,0,0,0,0,0,0,0,0,0,0,0,0,0,0,0,0
Moreland (C),1054,1050,1034,945,902,930,866,816,799,814,802,717,682,656,652,640,629,632,672,861,1054,1259,1312,1461,1511,1716,1791,1840,1837,1788,1885,1745,1717,1729,1617,1623,1504,1396,1248,1228,1198,1165,1199,1061,1201,1149,1088,1021,970,959,950,873,938,915,863,909,830,783,777,755,729,667,665,607,576,609,541,545,605,559,480,493,509,411,452,463,570,534,522,530,569,494,499,408,360,395,385,335,320,278,213,184,128,116,100,71,39,24,17,12,14,7,4,3,3,0,0,0,0,0,0,0,0,0,0
Mornington Peninsula (S),687,748,730,817,880,894,942,946,947,995,899,937,889,860,873,928,876,871,792,800,710,712,721,673,620,658,699,619,671,678,674,704,731,774,822,785,837,837,844,841,956,972,1127,1088,1175,1237,1193,1157,1131,1088,1008,1031,1098,1084,1061,1112,1087,1117,1139,1070,1109,1113,1112,1158,1129,1158,1173,1138,1281,1332,1107,1074,1036,908,961,808,760,770,721,696,629,559,517,469,485,451,402,359,322,294,284,191,171,128,117,97,70,63,37,17,12,10,3,4,3,0,0,0,0,0,0,0,0,0,0
Mount Alexander (S),88,67,85,87,88,95,87,95,96,92,104,107,82,97,99,98,86,93,92,60,66,66,63,62,65,62,70,73,50,69,54,71,74,75,93,79,82,88,98,127,108,108,150,118,123,147,143,127,154,131,138,159,144,144,170,152,154,187,150,147,143,164,181,180,169,180,145,143,152,180,119,138,106,106,94,97,89,79,89,72,61,57,40,67,45,56,35,42,25,41,45,15,21,18,13,8,10,3,3,5,3,0,0,0,0,0,0,0,0,0,0,0,0,0,0
Moyne (S),80,79,97,114,102,92,110,130,115,121,147,108,135,115,110,110,118,90,98,58,52,74,67,72,80,79,55,67,78,74,77,86,84,84,92,77,88,105,99,99,77,106,90,123,124,114,116,143,121,106,130,113,126,125,153,110,119,135,135,129,107,124,121,112,115,114,105,101,93,118,82,63,71,59,75,52,75,54,40,37,41,42,30,33,33,23,38,33,29,17,25,13,10,15,13,7,4,0,0,3,0,0,0,0,0,0,0,0,0,0,0,0,0,0,0
Murrindindi (S),63,66,63,65,67,67,81,87,58,79,89,58,83,71,67,71,79,64,77,59,53,54,51,52,53,42,56,49,43,50,72,56,68,54,69,70,57,75,79,87,72,82,92,89,106,92,101,104,95,89,102,104,91,89,115,121,105,131,135,120,105,138,121,111,85,113,115,119,115,120,75,79,91,62,69,56,60,52,49,39,43,33,33,29,29,28,33,15,18,16,18,15,8,8,10,10,4,3,3,0,0,0,0,0,0,0,0,0,0,0,0,0,0,0,0
Nillumbik (S),271,293,313,353,387,368,392,416,452,440,477,425,434,474,440,430,450,454,438,408,413,404,404,350,341,307,295,264,253,243,269,304,284,291,309,313,345,338,415,409,424,466,517,492,536,550,542,523,527,511,529,490,521,552,496,527,464,482,503,481,442,429,397,444,355,352,350,331,284,300,264,197,226,181,189,153,104,134,126,94,82,97,87,73,65,60,56,40,47,60,33,40,26,30,17,19,11,3,0,3,9,0,0,0,0,0,0,0,0,0,0,0,0,0,0
No usual address (Vic.),36,43,26,35,22,27,20,17,23,18,29,17,10,10,22,18,15,28,50,65,60,88,91,97,112,117,93,74,75,95,85,64,63,56,73,78,55,50,36,34,33,53,34,42,57,47,32,31,21,32,29,34,42,42,32,36,36,39,32,37,56,24,31,20,34,25,31,31,34,24,25,10,14,8,8,8,4,11,8,7,7,3,0,0,6,3,3,0,12,3,4,3,0,0,0,0,0,0,0,0,0,0,0,0,0,0,0,0,0,0,0,0,0,0,0
Northern Grampians (S),58,43,49,52,41,58,55,49,52,49,62,64,69,67,61,86,54,70,49,45,42,28,57,55,74,59,60,49,66,48,56,60,52,32,36,60,63,52,52,41,67,65,52,90,68,77,71,83,85,72,102,81,109,85,97,86,92,95,68,69,105,104,113,88,94,86,98,101,79,69,78,67,71,68,64,59,49,54,51,49,40,45,45,29,35,40,26,31,30,32,23,12,11,8,14,4,5,0,3,3,3,0,0,4,0,0,0,0,0,0,0,0,0,0,0
Port Phillip (C),576,514,468,454,413,408,351,385,359,389,320,293,288,288,277,281,263,227,309,398,462,585,726,835,974,1154,1331,1372,1490,1416,1480,1431,1413,1368,1226,1172,1077,954,923,862,874,810,813,796,843,885,756,748,714,628,605,669,612,575,575,647,573,510,536,543,511,467,448,453,427,426,432,364,408,432,317,334,289,221,249,192,214,210,205,179,151,169,135,128,112,107,126,104,92,79,67,47,64,47,33,24,29,8,8,7,4,3,3,3,0,0,0,0,0,0,0,0,0,0,0
Pyrenees (S),24,41,30,26,40,37,38,42,39,35,46,37,40,36,47,31,45,29,33,38,30,24,20,29,21,16,15,23,29,29,37,33,30,22,36,31,24,38,20,40,28,41,40,40,39,41,40,34,61,45,50,46,53,54,68,52,61,68,44,59,66,70,59,73,58,59,67,52,51,62,52,43,58,44,45,30,18,23,33,17,19,17,11,15,12,16,14,14,17,8,0,5,9,9,9,3,0,3,0,0,0,0,0,0,0,0,0,0,0,0,0,0,0,0,0
Queenscliffe (B),10,3,11,9,10,15,11,6,6,10,12,9,6,12,15,11,16,14,8,14,5,13,7,7,5,6,5,3,4,3,5,11,3,9,8,6,11,9,4,8,13,18,17,21,14,14,12,9,19,19,20,15,19,25,26,17,13,23,25,33,21,30,27,30,27,32,38,38,34,35,23,33,32,29,31,18,24,32,23,25,20,20,21,14,19,10,6,18,17,8,5,3,3,7,6,4,3,0,0,0,0,0,0,0,0,0,0,0,0,0,0,0,0,0,0
South Gippsland (S),135,146,151,169,152,160,166,188,161,175,194,166,183,195,173,143,174,163,150,108,92,107,110,148,120,121,109,128,122,128,148,129,162,133,140,130,123,138,131,148,153,161,172,193,194,215,198,179,194,174,174,232,189,223,206,255,242,247,210,247,245,227,227,242,249,234,241,226,261,218,184,197,178,139,152,120,129,124,113,92,98,80,94,87,77,47,60,65,53,65,48,34,37,23,17,25,11,6,3,3,0,0,0,0,0,0,0,0,0,0,0,0,0,0,0
Southern Grampians (S),82,90,72,86,81,86,83,83,84,98,95,98,89,89,106,95,106,95,99,84,65,63,78,66,70,73,68,73,58,69,99,76,77,92,75,83,68,92,82,65,70,81,89,105,107,121,110,115,107,120,114,100,118,126,122,130,124,127,119,104,139,122,139,132,113,113,110,107,119,107,106,95,118,77,74,76,64,73,67,75,65,55,59,57,42,48,62,36,42,43,35,38,18,8,16,13,7,3,3,3,0,0,0,0,0,0,0,0,0,0,0,0,0,0,0
Stonnington (C),462,418,410,417,413,427,469,418,414,449,435,416,415,437,413,400,442,442,497,661,813,911,1032,1233,1332,1406,1425,1379,1489,1336,1263,1213,1099,1115,998,931,785,761,717,642,618,629,679,666,736,725,658,692,631,588,576,615,583,605,548,568,576,561,573,475,566,504,496,557,508,493,516,434,523,521,444,395,376,340,359,347,307,310,339,316,315,255,260,237,204,207,208,177,161,137,137,114,100,78,50,56,29,15,27,10,5,9,3,0,0,0,0,0,0,0,0,0,0,0,0
Strathbogie (S),36,46,43,39,58,39,44,68,54,63,64,52,46,52,46,39,56,69,24,32,28,32,27,53,34,47,44,43,34,38,42,47,37,48,41,62,47,42,49,57,47,47,41,64,69,62,72,68,54,54,71,78,95,77,75,108,99,75,105,83,97,104,86,91,89,87,79,89,79,90,86,80,70,64,88,51,58,44,57,41,41,38,41,37,33,34,31,28,20,17,17,23,25,9,7,5,3,0,0,3,3,3,0,0,0,0,0,0,0,0,0,0,0,0,0
Surf Coast (S),146,166,179,177,199,193,216,207,207,207,177,201,210,230,181,157,182,173,137,113,115,111,115,105,109,99,124,131,144,158,165,172,174,201,204,185,181,231,177,207,206,235,234,232,233,273,225,229,235,175,210,211,189,213,217,196,221,225,203,213,217,207,197,195,191,196,220,197,174,172,154,123,134,110,111,98,98,77,88,68,76,66,61,56,42,52,48,37,39,36,21,27,25,23,20,14,7,0,3,0,0,3,0,0,0,0,0,0,0,0,0,0,0,0,0
Swan Hill (RC),110,117,127,117,134,142,137,115,145,125,106,131,108,129,114,140,144,137,120,104,88,102,130,125,120,132,100,136,109,136,128,130,134,119,100,121,142,109,103,139,111,97,98,119,136,137,126,127,131,143,145,123,122,132,155,163,125,132,172,145,135,144,106,131,106,114,127,119,94,124,101,95,79,86,85,89,89,76,61,64,57,76,64,62,50,44,44,43,45,18,41,21,21,27,14,13,12,3,0,3,0,0,3,0,0,0,0,0,0,0,0,0,0,0,0
Towong (S),18,24,32,26,25,29,36,26,35,37,22,33,40,38,33,44,23,33,24,20,15,17,20,25,16,15,22,20,27,14,29,28,27,22,25,32,25,24,29,24,22,29,32,41,30,41,45,45,41,35,48,51,49,41,60,52,41,45,55,59,36,51,45,55,44,44,46,47,40,50,45,45,40,36,34,29,35,27,11,19,16,20,16,14,20,21,15,13,12,13,10,4,8,4,11,10,3,3,0,0,0,0,0,0,0,0,0,0,0,0,0,0,0,0,0
Unincorporated Vic,4,3,0,4,3,0,11,4,12,0,11,3,3,9,0,0,0,3,3,6,3,3,8,12,15,13,19,15,12,8,7,15,13,7,13,10,3,3,3,10,6,10,9,8,12,11,0,3,8,7,3,3,0,0,8,3,8,0,0,4,0,3,7,4,3,0,3,4,0,3,0,3,0,3,5,0,3,0,0,0,0,0,3,0,0,0,0,0,0,0,0,0,0,0,0,0,0,0,0,0,0,0,0,0,0,0,0,0,0,0,0,0,0,0,0
Wangaratta (RC),141,147,137,154,169,156,182,166,172,194,163,178,168,190,183,177,184,159,152,121,113,129,138,143,131,110,147,129,134,138,122,146,139,168,144,163,158,150,165,180,168,171,183,167,222,197,185,199,190,194,182,194,221,214,215,216,238,223,212,227,213,211,189,221,189,183,205,203,165,188,176,161,164,158,160,142,118,132,103,106,88,102,110,91,73,85,80,80,61,67,65,48,37,33,26,15,23,10,3,3,3,0,0,0,0,0,0,0,0,0,0,0,0,0,0
Warrnambool (C),199,202,187,167,182,199,198,214,209,205,213,184,208,200,200,237,226,213,237,208,198,232,218,200,212,232,238,212,181,216,180,204,211,190,216,217,189,192,208,198,175,236,225,198,218,264,245,212,215,257,239,211,238,250,260,241,239,238,257,235,218,217,224,197,200,230,225,197,192,188,181,149,144,139,146,120,138,114,119,118,106,118,107,110,104,93,70,67,71,70,61,43,45,29,23,19,19,10,3,3,0,0,0,0,0,0,0,0,0,0,0,0,0,0,0
Wellington (S),203,241,228,272,246,246,248,244,256,276,267,229,235,256,258,253,272,255,229,206,180,185,168,207,195,221,218,204,230,229,223,251,280,260,240,257,206,217,226,206,246,235,215,287,300,296,268,310,290,268,262,288,289,337,333,349,338,329,347,314,343,327,361,329,259,312,352,275,251,274,222,226,230,175,163,180,161,156,164,143,128,106,87,96,92,103,102,73,61,52,57,49,42,13,33,20,19,14,3,3,0,0,3,0,0,0,0,0,0,0,0,0,0,0,0
West Wimmera (S),20,19,23,16,18,14,31,26,25,15,19,21,25,30,28,20,23,20,22,14,15,10,8,22,16,14,23,14,19,20,29,11,16,18,16,14,15,16,17,16,11,22,24,14,25,29,33,28,21,23,36,19,42,45,27,20,36,33,23,23,30,33,35,17,30,17,29,26,36,32,21,23,22,22,21,21,17,17,21,14,21,11,14,9,8,3,8,14,6,8,10,8,4,0,3,0,3,3,0,0,0,3,0,0,0,0,0,0,0,0,0,0,0,0,0
Whitehorse (C),742,888,879,938,889,930,884,959,911,962,899,819,931,830,904,954,983,983,1028,1205,1257,1274,1332,1183,1196,1182,1180,1245,1092,1099,1107,1196,1140,1109,1150,1019,1085,1066,1122,1100,1081,1074,1193,1228,1290,1292,1255,1231,1149,1055,1018,1031,1025,1052,1031,1037,1040,917,956,922,898,873,873,873,826,811,780,757,797,874,689,666,747,674,667,625,650,587,584,631,583,535,461,446,452,465,448,402,363,265,273,220,196,145,98,89,58,29,27,25,8,8,8,0,0,0,0,0,0,0,0,0,0,0,0
Whittlesea (C),1589,1597,1656,1475,1549,1372,1417,1323,1336,1249,1281,1191,1177,1106,1103,1018,1139,1125,1190,1196,1246,1325,1373,1375,1364,1507,1556,1608,1682,1735,1807,1928,1809,1878,1746,1728,1636,1501,1469,1387,1348,1460,1391,1440,1382,1453,1315,1287,1262,1224,1226,1172,1232,1244,1185,1199,1078,1128,1061,999,1086,966,939,915,900,868,826,791,834,786,679,606,579,539,511,447,483,449,465,396,376,359,332,299,303,234,217,177,146,142,108,84,82,45,56,28,25,15,11,7,3,5,4,0,0,3,0,0,0,0,0,0,0,0,0
Wodonga (C),249,296,275,291,297,282,263,278,278,272,252,242,251,226,245,266,252,256,236,241,278,237,251,225,231,291,294,256,290,285,282,298,290,281,258,261,248,216,253,278,243,239,249,228,284,295,251,259,258,250,254,239,240,281,258,274,271,268,252,240,239,250,207,249,217,228,212,195,188,193,161,168,149,138,147,126,130,125,89,102,83,95,67,81,74,84,67,55,50,38,48,35,28,24,16,11,8,3,9,0,3,0,0,0,0,0,0,0,0,0,0,0,0,0,0
Wyndham (C),1874,2052,2130,2204,2042,1951,1909,1775,1691,1572,1510,1377,1357,1293,1222,1341,1296,1270,1160,1145,1275,1263,1264,1258,1444,1558,1672,1860,1980,2128,2319,2489,2451,2482,2430,2223,2072,1964,1858,1738,1635,1542,1598,1539,1540,1537,1374,1334,1343,1225,1178,1177,1202,1206,1063,1089,1092,999,1009,918,911,883,779,794,728,728,679,659,622,634,484,434,419,393,334,327,308,306,234,257,232,203,189,182,156,140,139,121,99,87,84,62,47,34,31,24,19,3,16,3,6,0,0,0,0,0,0,0,0,0,0,0,0,0,0
Yarra (C),452,431,380,371,336,332,307,325,285,295,292,265,247,261,257,231,253,236,287,398,487,643,771,897,1120,1314,1562,1570,1519,1491,1536,1343,1232,1150,1015,907,861,781,713,684,645,549,597,586,572,573,558,537,524,462,455,438,437,425,388,454,422,416,408,437,452,398,384,353,334,340,339,289,355,332,253,262,207,202,211,200,170,171,164,160,150,163,144,139,90,108,92,77,74,50,46,46,37,23,28,17,18,13,7,3,0,0,0,0,0,0,0,0,0,0,0,0,0,0,0
Yarra Ranges (S),839,910,864,894,931,892,991,927,925,980,919,910,971,921,933,962,1007,953,942,902,885,923,868,790,834,847,924,861,903,854,937,902,995,936,960,959,897,925,971,970,955,1017,1106,1135,1218,1230,1132,1122,1104,1048,1098,1024,1098,1189,1129,1113,1066,1006,1102,1034,971,999,939,963,950,908,937,788,810,854,745,648,633,530,481,465,430,413,383,321,297,281,283,257,239,213,218,201,191,144,124,96,83,75,64,48,34,20,14,13,8,3,0,0,0,0,0,0,0,0,0,0,0,0,0
Yarriambiack (S),30,31,17,33,27,28,31,40,42,41,39,34,45,37,29,35,49,41,24,16,29,24,13,30,20,22,25,36,27,36,27,18,21,27,27,26,26,14,27,35,42,25,26,37,32,51,48,42,43,46,49,36,51,56,52,49,55,65,57,54,56,46,46,49,39,56,46,39,54,61,26,46,39,48,47,35,28,31,29,31,22,23,32,26,16,26,28,34,20,23,26,13,18,4,9,4,0,0,0,3,3,0,0,0,0,0,0,0,0,0,0,0,0,0,0
